{
    "operations": [
        {
            "type": "clip",
            "x": 5,
            "y": 3,
            "width": 53,
            "height": 21
        },
        {
            "type": "convolution",
            "kernel": [
                [
                    6.58573477637941E-6,
                    4.2478050597692907E-4,
                    0.0017035361670139175,
                    4.2478050597692907E-4,
                    6.58573477637941E-6
                ],
                [
                    4.2478050597692907E-4,
                    0.027398382167648467,
                    0.10987824131174541,
                    0.027398382167648467,
                    4.2478050597692907E-4
                ],
                [
                    0.0017035361670139175,
                    0.10987824131174541,
                    0.44065477442744816,
                    0.10987824131174541,
                    0.0017035361670139175
                ],
                [
                    4.2478050597692907E-4,
                    0.027398382167648467,
                    0.10987824131174541,
                    0.027398382167648467,
                    4.2478050597692907E-4
                ],
                [
                    6.58573477637941E-6,
                    4.2478050597692907E-4,
                    0.0017035361670139175,
                    4.2478050597692907E-4,
                    6.58573477637941E-6
                ]
            ]
        },
        {
            "type": "two_valuation",
            "threshold": 70.0
        },
        {
            "type": "reverse"
        }
    ],
    "clips":[
        [2,0,12,21],
        [14,0,12,21],
        [26,0,12,21],
        [38,0,12,21]
    ],
    "values":{
        "0": 0,
        "1": 1,
        "2": 2,
        "3": 3,
        "4": 4,
        "5": 5,
        "6": 6,
        "7": 7,
        "8": 8,
        "a": 9,
        "b": 10,
        "c": 11,
        "d": 12,
        "e": 13,
        "f": 14,
        "g": 15,
        "h": 16,
        "i": 17,
        "j": 18,
        "k": 19,
        "l": 20,
        "m": 21,
        "n": 22,
        "o": 23,
        "p": 24,
        "q": 25,
        "r": 26,
        "s": 27,
        "t": 28,
        "u": 29,
        "v": 30,
        "w": 31,
        "x": 32,
        "y": 33
    }
}